Language,ReviewText
Telugu,డబ్బు వృథా.
Tamil,நான் மிகவும் மகிழ்ச்சியாக இருக்கிறேன்.
Malayalam,ദയവായി ഇത് വാങ്ങരുത്.
Urdu,میں اس سے بہت مطمئن ہوں۔
Tamil,விநியோகம் நேரத்திற்கு வந்தது.
Hindi,यह पैसे की बर्बादी है।
Telugu,డబ్బు వృథా.
Tamil,விநியோகம் நேரத்திற்கு வந்தது.
Hindi,डिलीवरी समय पर हुई।
Malayalam,ദയവായി ഇത് വാങ്ങരുത്.
Punjabi,ਇਹ ਪੈਸਿਆਂ ਦੀ ਬਰਬਾਦੀ ਹੈ।
Gujarati,આ પૈસાની બરબાદી છે.
Hindi,कृपया इसे न खरीदें।
Kannada,ಈ ಉತ್ಪನ್ನವು ಅತ್ಯುತ್ತಮವಾಗಿದೆ.
Marathi,डिलिव्हरी वेळेवर झाली.
Kannada,ದಯವಿಟ್ಟು ಇದನ್ನು ಖರೀದಿಸಬೇಡಿ.
Telugu,నేను చాలా సంతృప్తిగా ఉన్నాను.
Urdu,ڈیلیوری وقت پر ہوئی۔
Assamese,মই খুব সন্তুষ্ট।
Urdu,یہ پروڈکٹ بہت اچھا ہے۔
Kannada,ಈ ಉತ್ಪನ್ನವು ಅತ್ಯುತ್ತಮವಾಗಿದೆ.
Telugu,డెలివరీ సమయానికి వచ్చింది.
Gujarati,કૃપા કરીને આ ન ખરીદો.
Bengali,দয়া করে এটি কিনবেন না।
Gujarati,કૃપા કરીને આ ન ખરીદો.
Assamese,এইটো টকাৰ অপচয়।
Odia,ଡିଲିଭେରି ସମୟରେ ହେଲା।
Malayalam,ഈ ഉത്പന്നം വളരെ നന്നായിരിക്കുന്നു.
Telugu,ఈ ఉత్పత్తి బాగుంది.
Hindi,मैं इससे बहुत संतुष्ट हूँ।
Malayalam,ഞാൻ അതിൽ സന്തുഷ്ടനാണ്.
Punjabi,ਡਿਲੀਵਰੀ ਸਮੇਂ ਤੇ ਹੋਈ।
Assamese,ডেলিভাৰী সময়মতো হৈছিল।
Marathi,मी खूप समाधानी आहे.
Odia,ଡିଲିଭେରି ସମୟରେ ହେଲା।
Marathi,हा उत्पादन खूप चांगला आहे.
Punjabi,ਕਿਰਪਾ ਕਰਕੇ ਇਹ ਨਾ ਖਰੀਦੋ।
Odia,ଏହି ପଣ୍ୟଟି ଖୁବ ଭଲ ଅଛି।
Odia,ଡିଲିଭେରି ସମୟରେ ହେଲା।
Tamil,விநியோகம் நேரத்திற்கு வந்தது.
Malayalam,ഡെലിവറി സമയത്ത് എത്തി.
Gujarati,કૃપા કરીને આ ન ખરીદો.
Urdu,براہ کرم اسے نہ خریدیں۔
Telugu,డెలివరీ సమయానికి వచ్చింది.
Bengali,ডেলিভারি সময়মতো হয়েছে।
Odia,ଏହା ଟଙ୍କାର ବ୍ୟର୍ଥ।
Malayalam,ഡെലിവറി സമയത്ത് എത്തി.
Telugu,డెలివరీ సమయానికి వచ్చింది.
Punjabi,ਕਿਰਪਾ ਕਰਕੇ ਇਹ ਨਾ ਖਰੀਦੋ।
Urdu,یہ پیسے کی بربادی ہے۔
Hindi,डिलीवरी समय पर हुई।
Punjabi,ਡਿਲੀਵਰੀ ਸਮੇਂ ਤੇ ਹੋਈ।
Tamil,பணம் வீணாகும்.
Odia,ମୁଁ ବହୁତ ସନ୍ତୁଷ୍ଟ।
Assamese,এই সামগ্ৰীটো অতি ভাল।
Kannada,ಹಣ ವ್ಯರ್ಥವಾಗಿದೆ.
Kannada,ಈ ಉತ್ಪನ್ನವು ಅತ್ಯುತ್ತಮವಾಗಿದೆ.
Malayalam,ദയവായി ഇത് വാങ്ങരുത്.
Odia,ଦୟାକରି ଏହାକୁ କିଣନ୍ତୁ ନାହିଁ।
Bengali,ডেলিভারি সময়মতো হয়েছে।
Telugu,డెలివరీ సమయానికి వచ్చింది.
Tamil,நான் மிகவும் மகிழ்ச்சியாக இருக்கிறேன்.
Gujarati,આ પ્રોડક્ટ બહુ સારું છે.
Punjabi,ਇਹ ਪੈਸਿਆਂ ਦੀ ਬਰਬਾਦੀ ਹੈ।
Assamese,এই সামগ্ৰীটো অতি ভাল।
Telugu,ఈ ఉత్పత్తి బాగుంది.
Hindi,यह पैसे की बर्बादी है।
Punjabi,ਕਿਰਪਾ ਕਰਕੇ ਇਹ ਨਾ ਖਰੀਦੋ।
Gujarati,ડિલિવરી સમય પર આવી.
Urdu,یہ پیسے کی بربادی ہے۔
Punjabi,ਡਿਲੀਵਰੀ ਸਮੇਂ ਤੇ ਹੋਈ।
Hindi,यह उत्पाद बहुत अच्छा है।
Gujarati,ડિલિવરી સમય પર આવી.
Kannada,ದಯವಿಟ್ಟು ಇದನ್ನು ಖರೀದಿಸಬೇಡಿ.
Assamese,এইটো টকাৰ অপচয়।
Urdu,ڈیلیوری وقت پر ہوئی۔
Kannada,ನಾನು ತುಂಬಾ ಸಂತೋಷಗೊಂಡಿದ್ದೇನೆ.
Punjabi,ਕਿਰਪਾ ਕਰਕੇ ਇਹ ਨਾ ਖਰੀਦੋ।
Gujarati,આ પૈસાની બરબાદી છે.
Odia,ଦୟାକରି ଏହାକୁ କିଣନ୍ତୁ ନାହିଁ।
Urdu,براہ کرم اسے نہ خریدیں۔
Assamese,ডেলিভাৰী সময়মতো হৈছিল।
Gujarati,ડિલિવરી સમય પર આવી.
Gujarati,આ પ્રોડક્ટ બહુ સારું છે.
Bengali,এটি টাকা নষ্ট।
Hindi,कृपया इसे न खरीदें।
Assamese,এই সামগ্ৰীটো অতি ভাল।
Bengali,আমি খুব সন্তুষ্ট।
Odia,ଏହି ପଣ୍ୟଟି ଖୁବ ଭଲ ଅଛି।
Gujarati,આ પૈસાની બરબાદી છે.
Hindi,डिलीवरी समय पर हुई।
Punjabi,ਮੈਂ ਇਸ ਨਾਲ ਬਹੁਤ ਖੁਸ਼ ਹਾਂ।
Punjabi,ਕਿਰਪਾ ਕਰਕੇ ਇਹ ਨਾ ਖਰੀਦੋ।
Telugu,ఈ ఉత్పత్తి బాగుంది.
Hindi,मैं इससे बहुत संतुष्ट हूँ।
Punjabi,ਡਿਲੀਵਰੀ ਸਮੇਂ ਤੇ ਹੋਈ।
Odia,ଏହା ଟଙ୍କାର ବ୍ୟର୍ଥ।
Gujarati,આ પૈસાની બરબાદી છે.
Marathi,हे पैशांची नासाडी आहे.
Odia,ଡିଲିଭେରି ସମୟରେ ହେଲା।
Urdu,یہ پروڈکٹ بہت اچھا ہے۔
Malayalam,ഈ ഉത്പന്നം വളരെ നന്നായിരിക്കുന്നു.
Urdu,میں اس سے بہت مطمئن ہوں۔
Marathi,हे पैशांची नासाडी आहे.
Telugu,ఈ ఉత్పత్తి బాగుంది.
Marathi,डिलिव्हरी वेळेवर झाली.
Bengali,এই পণ্যটি খুব ভালো।
Marathi,कृपया हे खरेदी करू नका.
Kannada,ಡಿಲಿವರಿ ಸಮಯಕ್ಕೆ ಬಂದಿದೆ.
Kannada,ದಯವಿಟ್ಟು ಇದನ್ನು ಖರೀದಿಸಬೇಡಿ.
Tamil,தயவு செய்து இதை வாங்காதீர்கள்.
Punjabi,ਕਿਰਪਾ ਕਰਕੇ ਇਹ ਨਾ ਖਰੀਦੋ।
Assamese,ডেলিভাৰী সময়মতো হৈছিল।
Marathi,हा उत्पादन खूप चांगला आहे.
Telugu,నేను చాలా సంతృప్తిగా ఉన్నాను.
Kannada,ನಾನು ತುಂಬಾ ಸಂತೋಷಗೊಂಡಿದ್ದೇನೆ.
Bengali,আমি খুব সন্তুষ্ট।
Hindi,यह पैसे की बर्बादी है।
Punjabi,ਡਿਲੀਵਰੀ ਸਮੇਂ ਤੇ ਹੋਈ।
Hindi,यह उत्पाद बहुत अच्छा है।
Urdu,یہ پیسے کی بربادی ہے۔
Malayalam,ദയവായി ഇത് വാങ്ങരുത്.
Hindi,डिलीवरी समय पर हुई।
Punjabi,ਮੈਂ ਇਸ ਨਾਲ ਬਹੁਤ ਖੁਸ਼ ਹਾਂ।
Marathi,मी खूप समाधानी आहे.
Hindi,यह उत्पाद बहुत अच्छा है।
Telugu,డబ్బు వృథా.
Telugu,దయచేసి దీన్ని కొనొద్దు.
Kannada,ಡಿಲಿವರಿ ಸಮಯಕ್ಕೆ ಬಂದಿದೆ.
Telugu,దయచేసి దీన్ని కొనొద్దు.
Malayalam,പണം നഷ്‌ടമാണ്.
Urdu,یہ پیسے کی بربادی ہے۔
Urdu,براہ کرم اسے نہ خریدیں۔
Hindi,यह पैसे की बर्बादी है।
Telugu,దయచేసి దీన్ని కొనొద్దు.
Bengali,আমি খুব সন্তুষ্ট।
Tamil,இந்த தயாரிப்பு அருமையாக உள்ளது.
Tamil,நான் மிகவும் மகிழ்ச்சியாக இருக்கிறேன்.
Bengali,আমি খুব সন্তুষ্ট।
Assamese,অনুগ্ৰহ কৰি এইটো নলওক।
Punjabi,ਕਿਰਪਾ ਕਰਕੇ ਇਹ ਨਾ ਖਰੀਦੋ।
Gujarati,ડિલિવરી સમય પર આવી.
Kannada,ಈ ಉತ್ಪನ್ನವು ಅತ್ಯುತ್ತಮವಾಗಿದೆ.
Hindi,डिलीवरी समय पर हुई।
Marathi,मी खूप समाधानी आहे.
Kannada,ಹಣ ವ್ಯರ್ಥವಾಗಿದೆ.
Urdu,یہ پروڈکٹ بہت اچھا ہے۔
Bengali,এই পণ্যটি খুব ভালো।
Urdu,براہ کرم اسے نہ خریدیں۔
Assamese,এইটো টকাৰ অপচয়।
Gujarati,હું બહુ ખુશ છું.
Marathi,मी खूप समाधानी आहे.
Odia,ଦୟାକରି ଏହାକୁ କିଣନ୍ତୁ ନାହିଁ।
Assamese,মই খুব সন্তুষ্ট।
Gujarati,હું બહુ ખુશ છું.
Marathi,कृपया हे खरेदी करू नका.
Bengali,এটি টাকা নষ্ট।
Telugu,ఈ ఉత్పత్తి బాగుంది.
Kannada,ದಯವಿಟ್ಟು ಇದನ್ನು ಖರೀದಿಸಬೇಡಿ.
Tamil,இந்த தயாரிப்பு அருமையாக உள்ளது.
Assamese,এই সামগ্ৰীটো অতি ভাল।
Gujarati,ડિલિવરી સમય પર આવી.
Urdu,یہ پیسے کی بربادی ہے۔
Tamil,விநியோகம் நேரத்திற்கு வந்தது.
Hindi,यह पैसे की बर्बादी है।
Gujarati,ડિલિવરી સમય પર આવી.
Assamese,মই খুব সন্তুষ্ট।
Marathi,मी खूप समाधानी आहे.
Gujarati,આ પ્રોડક્ટ બહુ સારું છે.
Marathi,मी खूप समाधानी आहे.
Punjabi,ਇਹ ਪੈਸਿਆਂ ਦੀ ਬਰਬਾਦੀ ਹੈ।
Telugu,నేను చాలా సంతృప్తిగా ఉన్నాను.
Punjabi,ਇਹ ਉਤਪਾਦ ਬਹੁਤ ਵਧੀਆ ਹੈ।
Tamil,இந்த தயாரிப்பு அருமையாக உள்ளது.
Assamese,এইটো টকাৰ অপচয়।
Gujarati,આ પૈસાની બરબાદી છે.
Bengali,এটি টাকা নষ্ট।
Malayalam,ദയവായി ഇത് വാങ്ങരുത്.
Assamese,এইটো টকাৰ অপচয়।
Punjabi,ਕਿਰਪਾ ਕਰਕੇ ਇਹ ਨਾ ਖਰੀਦੋ।
Punjabi,ਇਹ ਪੈਸਿਆਂ ਦੀ ਬਰਬਾਦੀ ਹੈ।
Tamil,இந்த தயாரிப்பு அருமையாக உள்ளது.
Marathi,मी खूप समाधानी आहे.
Malayalam,ഈ ഉത്പന്നം വളരെ നന്നായിരിക്കുന്നു.
Kannada,ಈ ಉತ್ಪನ್ನವು ಅತ್ಯುತ್ತಮವಾಗಿದೆ.
Tamil,தயவு செய்து இதை வாங்காதீர்கள்.
Telugu,ఈ ఉత్పత్తి బాగుంది.
Bengali,এই পণ্যটি খুব ভালো।
Punjabi,ਇਹ ਪੈਸਿਆਂ ਦੀ ਬਰਬਾਦੀ ਹੈ।
Malayalam,ഡെലിവറി സമയത്ത് എത്തി.
Odia,ଦୟାକରି ଏହାକୁ କିଣନ୍ତୁ ନାହିଁ।
Hindi,यह उत्पाद बहुत अच्छा है।
Malayalam,ദയവായി ഇത് വാങ്ങരുത്.
Telugu,నేను చాలా సంతృప్తిగా ఉన్నాను.
Hindi,डिलीवरी समय पर हुई।
Marathi,डिलिव्हरी वेळेवर झाली.
Urdu,براہ کرم اسے نہ خریدیں۔
Tamil,விநியோகம் நேரத்திற்கு வந்தது.
Telugu,ఈ ఉత్పత్తి బాగుంది.
Gujarati,કૃપા કરીને આ ન ખરીદો.
Malayalam,ഡെലിവറി സമയത്ത് എത്തി.
Bengali,আমি খুব সন্তুষ্ট।
Marathi,हा उत्पादन खूप चांगला आहे.
Malayalam,ഈ ഉത്പന്നം വളരെ നന്നായിരിക്കുന്നു.
Assamese,এই সামগ্ৰীটো অতি ভাল।
Urdu,یہ پیسے کی بربادی ہے۔
Bengali,দয়া করে এটি কিনবেন না।
Urdu,یہ پیسے کی بربادی ہے۔
Bengali,এটি টাকা নষ্ট।
Marathi,मी खूप समाधानी आहे.
Malayalam,ദയവായി ഇത് വാങ്ങരുത്.
Malayalam,ദയവായി ഇത് വാങ്ങരുത്.
Urdu,یہ پیسے کی بربادی ہے۔
Kannada,ಈ ಉತ್ಪನ್ನವು ಅತ್ಯುತ್ತಮವಾಗಿದೆ.
Malayalam,ഈ ഉത്പന്നം വളരെ നന്നായിരിക്കുന്നു.
Gujarati,કૃપા કરીને આ ન ખરીદો.
Gujarati,આ પ્રોડક્ટ બહુ સારું છે.
Gujarati,આ પ્રોડક્ટ બહુ સારું છે.
Odia,ଏହି ପଣ୍ୟଟି ଖୁବ ଭଲ ଅଛି।
Gujarati,ડિલિવરી સમય પર આવી.
Assamese,অনুগ্ৰহ কৰি এইটো নলওক।
Kannada,ದಯವಿಟ್ಟು ಇದನ್ನು ಖರೀದಿಸಬೇಡಿ.
Assamese,এই সামগ্ৰীটো অতি ভাল।
Tamil,இந்த தயாரிப்பு அருமையாக உள்ளது.
Kannada,ದಯವಿಟ್ಟು ಇದನ್ನು ಖರೀದಿಸಬೇಡಿ.
Assamese,এইটো টকাৰ অপচয়।
Tamil,பணம் வீணாகும்.
Bengali,দয়া করে এটি কিনবেন না।
Odia,ଏହି ପଣ୍ୟଟି ଖୁବ ଭଲ ଅଛି।
Tamil,தயவு செய்து இதை வாங்காதீர்கள்.
Assamese,এইটো টকাৰ অপচয়।
Hindi,यह उत्पाद बहुत अच्छा है।
Bengali,আমি খুব সন্তুষ্ট।
Tamil,விநியோகம் நேரத்திற்கு வந்தது.
Urdu,یہ پروڈکٹ بہت اچھا ہے۔
Hindi,यह उत्पाद बहुत अच्छा है।
Punjabi,ਡਿਲੀਵਰੀ ਸਮੇਂ ਤੇ ਹੋਈ।
Assamese,মই খুব সন্তুষ্ট।
Tamil,பணம் வீணாகும்.
Gujarati,હું બહુ ખુશ છું.
Punjabi,ਮੈਂ ਇਸ ਨਾਲ ਬਹੁਤ ਖੁਸ਼ ਹਾਂ।
Hindi,डिलीवरी समय पर हुई।
Telugu,డెలివరీ సమయానికి వచ్చింది.
Urdu,میں اس سے بہت مطمئن ہوں۔
Assamese,অনুগ্ৰহ কৰি এইটো নলওক।
Hindi,यह उत्पाद बहुत अच्छा है।
Odia,ଏହି ପଣ୍ୟଟି ଖୁବ ଭଲ ଅଛି।
Tamil,பணம் வீணாகும்.
Assamese,এইটো টকাৰ অপচয়।
Tamil,விநியோகம் நேரத்திற்கு வந்தது.
Assamese,মই খুব সন্তুষ্ট।
Assamese,ডেলিভাৰী সময়মতো হৈছিল।
Punjabi,ਇਹ ਉਤਪਾਦ ਬਹੁਤ ਵਧੀਆ ਹੈ।
Gujarati,આ પૈસાની બરબાદી છે.
Odia,ଏହା ଟଙ୍କାର ବ୍ୟର୍ଥ।
Gujarati,કૃપા કરીને આ ન ખરીદો.
Telugu,దయచేసి దీన్ని కొనొద్దు.
Kannada,ನಾನು ತುಂಬಾ ಸಂತೋಷಗೊಂಡಿದ್ದೇನೆ.
Malayalam,പണം നഷ്‌ടമാണ്.
Tamil,விநியோகம் நேரத்திற்கு வந்தது.
Assamese,ডেলিভাৰী সময়মতো হৈছিল।
Hindi,मैं इससे बहुत संतुष्ट हूँ।
Marathi,हा उत्पादन खूप चांगला आहे.
Assamese,এইটো টকাৰ অপচয়।
Telugu,డబ్బు వృథా.
Tamil,விநியோகம் நேரத்திற்கு வந்தது.
Odia,ଏହା ଟଙ୍କାର ବ୍ୟର୍ଥ।
Odia,ଦୟାକରି ଏହାକୁ କିଣନ୍ତୁ ନାହିଁ।
Bengali,ডেলিভারি সময়মতো হয়েছে।
Odia,ଡିଲିଭେରି ସମୟରେ ହେଲା।
Tamil,நான் மிகவும் மகிழ்ச்சியாக இருக்கிறேன்.
Telugu,దయచేసి దీన్ని కొనొద్దు.
Tamil,இந்த தயாரிப்பு அருமையாக உள்ளது.
Telugu,డెలివరీ సమయానికి వచ్చింది.
Punjabi,ਡਿਲੀਵਰੀ ਸਮੇਂ ਤੇ ਹੋਈ।
Assamese,এইটো টকাৰ অপচয়।
Kannada,ಹಣ ವ್ಯರ್ಥವಾಗಿದೆ.
Hindi,यह उत्पाद बहुत अच्छा है।
Assamese,এইটো টকাৰ অপচয়।
Bengali,এটি টাকা নষ্ট।
Punjabi,ਕਿਰਪਾ ਕਰਕੇ ਇਹ ਨਾ ਖਰੀਦੋ।
Telugu,దయచేసి దీన్ని కొనొద్దు.
Tamil,இந்த தயாரிப்பு அருமையாக உள்ளது.
Urdu,یہ پیسے کی بربادی ہے۔
Marathi,डिलिव्हरी वेळेवर झाली.
Odia,ଦୟାକରି ଏହାକୁ କିଣନ୍ତୁ ନାହିଁ।
Odia,ଦୟାକରି ଏହାକୁ କିଣନ୍ତୁ ନାହିଁ।
Urdu,یہ پروڈکٹ بہت اچھا ہے۔
Bengali,আমি খুব সন্তুষ্ট।
Odia,ଏହା ଟଙ୍କାର ବ୍ୟର୍ଥ।
Hindi,मैं इससे बहुत संतुष्ट हूँ।
Tamil,பணம் வீணாகும்.
Gujarati,કૃપા કરીને આ ન ખરીદો.
Tamil,பணம் வீணாகும்.
Odia,ଡିଲିଭେରି ସମୟରେ ହେଲା।
Odia,ଏହା ଟଙ୍କାର ବ୍ୟର୍ଥ।
Punjabi,ਇਹ ਪੈਸਿਆਂ ਦੀ ਬਰਬਾਦੀ ਹੈ।
Tamil,பணம் வீணாகும்.
Hindi,यह उत्पाद बहुत अच्छा है।
Hindi,डिलीवरी समय पर हुई।
Gujarati,ડિલિવરી સમય પર આવી.
Telugu,దయచేసి దీన్ని కొనొద్దు.
Assamese,এইটো টকাৰ অপচয়।
Hindi,यह उत्पाद बहुत अच्छा है।
Assamese,এইটো টকাৰ অপচয়।
Malayalam,ദയവായി ഇത് വാങ്ങരുത്.
Telugu,ఈ ఉత్పత్తి బాగుంది.
Punjabi,ਇਹ ਉਤਪਾਦ ਬਹੁਤ ਵਧੀਆ ਹੈ।
Urdu,یہ پروڈکٹ بہت اچھا ہے۔
Malayalam,പണം നഷ്‌ടമാണ്.
Malayalam,ഈ ഉത്പന്നം വളരെ നന്നായിരിക്കുന്നു.
Punjabi,ਕਿਰਪਾ ਕਰਕੇ ਇਹ ਨਾ ਖਰੀਦੋ।
Hindi,यह उत्पाद बहुत अच्छा है।
Odia,ଦୟାକରି ଏହାକୁ କିଣନ୍ତୁ ନାହିଁ।
Punjabi,ਡਿਲੀਵਰੀ ਸਮੇਂ ਤੇ ਹੋਈ।
Gujarati,આ પ્રોડક્ટ બહુ સારું છે.
Odia,ମୁଁ ବହୁତ ସନ୍ତୁଷ୍ଟ।
Telugu,దయచేసి దీన్ని కొనొద్దు.
Urdu,ڈیلیوری وقت پر ہوئی۔
Telugu,దయచేసి దీన్ని కొనొద్దు.
Telugu,డబ్బు వృథా.
Bengali,ডেলিভারি সময়মতো হয়েছে।
Telugu,నేను చాలా సంతృప్తిగా ఉన్నాను.
Kannada,ಈ ಉತ್ಪನ್ನವು ಅತ್ಯುತ್ತಮವಾಗಿದೆ.
Hindi,डिलीवरी समय पर हुई।
Assamese,মই খুব সন্তুষ্ট।
Urdu,یہ پروڈکٹ بہت اچھا ہے۔
Punjabi,ਡਿਲੀਵਰੀ ਸਮੇਂ ਤੇ ਹੋਈ।
Urdu,میں اس سے بہت مطمئن ہوں۔
Gujarati,ડિલિવરી સમય પર આવી.
Tamil,பணம் வீணாகும்.
Telugu,నేను చాలా సంతృప్తిగా ఉన్నాను.
Gujarati,આ પ્રોડક્ટ બહુ સારું છે.
Urdu,یہ پروڈکٹ بہت اچھا ہے۔
Bengali,এটি টাকা নষ্ট।
Urdu,میں اس سے بہت مطمئن ہوں۔
Hindi,डिलीवरी समय पर हुई।
Malayalam,ഡെലിവറി സമയത്ത് എത്തി.
Urdu,ڈیلیوری وقت پر ہوئی۔
Tamil,தயவு செய்து இதை வாங்காதீர்கள்.
Urdu,براہ کرم اسے نہ خریدیں۔
Kannada,ಡಿಲಿವರಿ ಸಮಯಕ್ಕೆ ಬಂದಿದೆ.
Urdu,یہ پروڈکٹ بہت اچھا ہے۔
Urdu,ڈیلیوری وقت پر ہوئی۔
Urdu,براہ کرم اسے نہ خریدیں۔
Malayalam,ദയവായി ഇത് വാങ്ങരുത്.
Tamil,இந்த தயாரிப்பு அருமையாக உள்ளது.
Tamil,பணம் வீணாகும்.
Gujarati,આ પ્રોડક્ટ બહુ સારું છે.
Kannada,ದಯವಿಟ್ಟು ಇದನ್ನು ಖರೀದಿಸಬೇಡಿ.
Urdu,یہ پروڈکٹ بہت اچھا ہے۔
Gujarati,આ પૈસાની બરબાદી છે.
Punjabi,ਇਹ ਪੈਸਿਆਂ ਦੀ ਬਰਬਾਦੀ ਹੈ।
Assamese,এই সামগ্ৰীটো অতি ভাল।
Malayalam,ദയവായി ഇത് വാങ്ങരുത്.
Bengali,দয়া করে এটি কিনবেন না।
Tamil,விநியோகம் நேரத்திற்கு வந்தது.
Odia,ଏହା ଟଙ୍କାର ବ୍ୟର୍ଥ।
Punjabi,ਡਿਲੀਵਰੀ ਸਮੇਂ ਤੇ ਹੋਈ।
Gujarati,આ પ્રોડક્ટ બહુ સારું છે.
Assamese,এই সামগ্ৰীটো অতি ভাল।
Bengali,আমি খুব সন্তুষ্ট।
Odia,ଏହା ଟଙ୍କାର ବ୍ୟର୍ଥ।
Bengali,এটি টাকা নষ্ট।
Bengali,এই পণ্যটি খুব ভালো।
Marathi,डिलिव्हरी वेळेवर झाली.
Gujarati,હું બહુ ખુશ છું.
Telugu,డబ్బు వృథా.
Telugu,ఈ ఉత్పత్తి బాగుంది.
Bengali,দয়া করে এটি কিনবেন না।
Punjabi,ਇਹ ਉਤਪਾਦ ਬਹੁਤ ਵਧੀਆ ਹੈ।
Odia,ଦୟାକରି ଏହାକୁ କିଣନ୍ତୁ ନାହିଁ।
Assamese,এইটো টকাৰ অপচয়।
Kannada,ದಯವಿಟ್ಟು ಇದನ್ನು ಖರೀದಿಸಬೇಡಿ.
Kannada,ನಾನು ತುಂಬಾ ಸಂತೋಷಗೊಂಡಿದ್ದೇನೆ.
Malayalam,ഞാൻ അതിൽ സന്തുഷ്ടനാണ്.
Bengali,এটি টাকা নষ্ট।
Tamil,விநியோகம் நேரத்திற்கு வந்தது.
Kannada,ನಾನು ತುಂಬಾ ಸಂತೋಷಗೊಂಡಿದ್ದೇನೆ.
Hindi,डिलीवरी समय पर हुई।
Urdu,یہ پیسے کی بربادی ہے۔
Telugu,ఈ ఉత్పత్తి బాగుంది.
Punjabi,ਇਹ ਉਤਪਾਦ ਬਹੁਤ ਵਧੀਆ ਹੈ।
Telugu,డబ్బు వృథా.
Gujarati,ડિલિવરી સમય પર આવી.
Kannada,ದಯವಿಟ್ಟು ಇದನ್ನು ಖರೀದಿಸಬೇಡಿ.
Gujarati,કૃપા કરીને આ ન ખરીદો.
Hindi,यह उत्पाद बहुत अच्छा है।
Odia,ଡିଲିଭେରି ସମୟରେ ହେଲା।
Gujarati,આ પૈસાની બરબાદી છે.
Bengali,ডেলিভারি সময়মতো হয়েছে।
Assamese,এইটো টকাৰ অপচয়।
Odia,ଡିଲିଭେରି ସମୟରେ ହେଲା।
Odia,ଡିଲିଭେରି ସମୟରେ ହେଲା।
Urdu,ڈیلیوری وقت پر ہوئی۔
Gujarati,આ પ્રોડક્ટ બહુ સારું છે.
Marathi,हा उत्पादन खूप चांगला आहे.
Assamese,এইটো টকাৰ অপচয়।
Gujarati,આ પ્રોડક્ટ બહુ સારું છે.
Kannada,ನಾನು ತುಂಬಾ ಸಂತೋಷಗೊಂಡಿದ್ದೇನೆ.
Malayalam,പണം നഷ്‌ടമാണ്.
Tamil,பணம் வீணாகும்.
Bengali,ডেলিভারি সময়মতো হয়েছে।
Odia,ଦୟାକରି ଏହାକୁ କିଣନ୍ତୁ ନାହିଁ।
Malayalam,ഞാൻ അതിൽ സന്തുഷ്ടനാണ്.
Hindi,मैं इससे बहुत संतुष्ट हूँ।
Punjabi,ਇਹ ਉਤਪਾਦ ਬਹੁਤ ਵਧੀਆ ਹੈ।
Kannada,ಈ ಉತ್ಪನ್ನವು ಅತ್ಯುತ್ತಮವಾಗಿದೆ.
Gujarati,હું બહુ ખુશ છું.
Odia,ଏହା ଟଙ୍କାର ବ୍ୟର୍ଥ।
Marathi,मी खूप समाधानी आहे.
Hindi,डिलीवरी समय पर हुई।
Marathi,कृपया हे खरेदी करू नका.
Tamil,நான் மிகவும் மகிழ்ச்சியாக இருக்கிறேன்.
Gujarati,આ પ્રોડક્ટ બહુ સારું છે.
Assamese,মই খুব সন্তুষ্ট।
Kannada,ಈ ಉತ್ಪನ್ನವು ಅತ್ಯುತ್ತಮವಾಗಿದೆ.
Malayalam,ഞാൻ അതിൽ സന്തുഷ്ടനാണ്.
Tamil,தயவு செய்து இதை வாங்காதீர்கள்.
Assamese,অনুগ্ৰহ কৰি এইটো নলওক।
Kannada,ದಯವಿಟ್ಟು ಇದನ್ನು ಖರೀದಿಸಬೇಡಿ.
Bengali,আমি খুব সন্তুষ্ট।
Gujarati,આ પૈસાની બરબાદી છે.
Tamil,தயவு செய்து இதை வாங்காதீர்கள்.
Hindi,यह उत्पाद बहुत अच्छा है।
Kannada,ಹಣ ವ್ಯರ್ಥವಾಗಿದೆ.
Bengali,ডেলিভারি সময়মতো হয়েছে।
Gujarati,કૃપા કરીને આ ન ખરીદો.
Malayalam,ഈ ഉത്പന്നം വളരെ നന്നായിരിക്കുന്നു.
Hindi,मैं इससे बहुत संतुष्ट हूँ।
Malayalam,ഈ ഉത്പന്നം വളരെ നന്നായിരിക്കുന്നു.
Hindi,मैं इससे बहुत संतुष्ट हूँ।
Malayalam,ഈ ഉത്പന്നം വളരെ നന്നായിരിക്കുന്നു.
Malayalam,ഡെലിവറി സമയത്ത് എത്തി.
Marathi,मी खूप समाधानी आहे.
Telugu,దయచేసి దీన్ని కొనొద్దు.
Odia,ମୁଁ ବହୁତ ସନ୍ତୁଷ୍ଟ।
Kannada,ಈ ಉತ್ಪನ್ನವು ಅತ್ಯುತ್ತಮವಾಗಿದೆ.
Gujarati,કૃપા કરીને આ ન ખરીદો.
Odia,ଏହା ଟଙ୍କାର ବ୍ୟର୍ଥ।
Kannada,ನಾನು ತುಂಬಾ ಸಂತೋಷಗೊಂಡಿದ್ದೇನೆ.
Punjabi,ਡਿਲੀਵਰੀ ਸਮੇਂ ਤੇ ਹੋਈ।
Urdu,براہ کرم اسے نہ خریدیں۔
Odia,ଏହି ପଣ୍ୟଟି ଖୁବ ଭଲ ଅଛି।
Marathi,मी खूप समाधानी आहे.
Marathi,मी खूप समाधानी आहे.
Assamese,অনুগ্ৰহ কৰি এইটো নলওক।
Malayalam,ഈ ഉത്പന്നം വളരെ നന്നായിരിക്കുന്നു.
Bengali,ডেলিভারি সময়মতো হয়েছে।
Telugu,నేను చాలా సంతృప్తిగా ఉన్నాను.
Malayalam,ഞാൻ അതിൽ സന്തുഷ്ടനാണ്.
Telugu,డెలివరీ సమయానికి వచ్చింది.
Kannada,ಹಣ ವ್ಯರ್ಥವಾಗಿದೆ.
Urdu,براہ کرم اسے نہ خریدیں۔
Urdu,ڈیلیوری وقت پر ہوئی۔
Malayalam,ഞാൻ അതിൽ സന്തുഷ്ടനാണ്.
Hindi,यह उत्पाद बहुत अच्छा है।
Kannada,ಡಿಲಿವರಿ ಸಮಯಕ್ಕೆ ಬಂದಿದೆ.
Kannada,ನಾನು ತುಂಬಾ ಸಂತೋಷಗೊಂಡಿದ್ದೇನೆ.
Telugu,ఈ ఉత్పత్తి బాగుంది.
Urdu,ڈیلیوری وقت پر ہوئی۔
Malayalam,ഈ ഉത്പന്നം വളരെ നന്നായിരിക്കുന്നു.
Malayalam,ഡെലിവറി സമയത്ത് എത്തി.
Marathi,हा उत्पादन खूप चांगला आहे.
Telugu,నేను చాలా సంతృప్తిగా ఉన్నాను.
Marathi,मी खूप समाधानी आहे.
Odia,ଡିଲିଭେରି ସମୟରେ ହେଲା।
Tamil,விநியோகம் நேரத்திற்கு வந்தது.
Assamese,মই খুব সন্তুষ্ট।
Hindi,यह उत्पाद बहुत अच्छा है।
Tamil,நான் மிகவும் மகிழ்ச்சியாக இருக்கிறேன்.
Malayalam,ഈ ഉത്പന്നം വളരെ നന്നായിരിക്കുന്നു.
Urdu,براہ کرم اسے نہ خریدیں۔
Marathi,हा उत्पादन खूप चांगला आहे.
Punjabi,ਇਹ ਉਤਪਾਦ ਬਹੁਤ ਵਧੀਆ ਹੈ।
Urdu,براہ کرم اسے نہ خریدیں۔
Gujarati,હું બહુ ખુશ છું.
Telugu,నేను చాలా సంతృప్తిగా ఉన్నాను.
Kannada,ಡಿಲಿವರಿ ಸಮಯಕ್ಕೆ ಬಂದಿದೆ.
Odia,ଏହା ଟଙ୍କାର ବ୍ୟର୍ଥ।
Marathi,कृपया हे खरेदी करू नका.
Assamese,অনুগ্ৰহ কৰি এইটো নলওক।
Tamil,நான் மிகவும் மகிழ்ச்சியாக இருக்கிறேன்.
Hindi,कृपया इसे न खरीदें।
Assamese,ডেলিভাৰী সময়মতো হৈছিল।
Marathi,मी खूप समाधानी आहे.
Bengali,আমি খুব সন্তুষ্ট।
Assamese,এইটো টকাৰ অপচয়।
Assamese,ডেলিভাৰী সময়মতো হৈছিল।
Urdu,یہ پیسے کی بربادی ہے۔
Telugu,నేను చాలా సంతృప్తిగా ఉన్నాను.
Punjabi,ਇਹ ਉਤਪਾਦ ਬਹੁਤ ਵਧੀਆ ਹੈ।
Marathi,डिलिव्हरी वेळेवर झाली.
Malayalam,ഡെലിവറി സമയത്ത് എത്തി.
Bengali,এটি টাকা নষ্ট।
Bengali,এই পণ্যটি খুব ভালো।
Odia,ଏହି ପଣ୍ୟଟି ଖୁବ ଭଲ ଅଛି।
Kannada,ಈ ಉತ್ಪನ್ನವು ಅತ್ಯುತ್ತಮವಾಗಿದೆ.
Telugu,నేను చాలా సంతృప్తిగా ఉన్నాను.
Malayalam,ഞാൻ അതിൽ സന്തുഷ്ടനാണ്.
Kannada,ನಾನು ತುಂಬಾ ಸಂತೋಷಗೊಂಡಿದ್ದೇನೆ.
Gujarati,હું બહુ ખુશ છું.
Urdu,ڈیلیوری وقت پر ہوئی۔
Telugu,నేను చాలా సంతృప్తిగా ఉన్నాను.
Punjabi,ਇਹ ਪੈਸਿਆਂ ਦੀ ਬਰਬਾਦੀ ਹੈ।
Bengali,দয়া করে এটি কিনবেন না।
Assamese,এইটো টকাৰ অপচয়।
Punjabi,ਮੈਂ ਇਸ ਨਾਲ ਬਹੁਤ ਖੁਸ਼ ਹਾਂ।
Kannada,ನಾನು ತುಂಬಾ ಸಂತೋಷಗೊಂಡಿದ್ದೇನೆ.
Odia,ଡିଲିଭେରି ସମୟରେ ହେଲା।
Odia,ମୁଁ ବହୁତ ସନ୍ତୁଷ୍ଟ।
Hindi,कृपया इसे न खरीदें।
Telugu,డబ్బు వృథా.
Punjabi,ਇਹ ਪੈਸਿਆਂ ਦੀ ਬਰਬਾਦੀ ਹੈ।
Gujarati,આ પૈસાની બરબાદી છે.
Marathi,मी खूप समाधानी आहे.
Telugu,ఈ ఉత్పత్తి బాగుంది.
Gujarati,કૃપા કરીને આ ન ખરીદો.
Odia,ମୁଁ ବହୁତ ସନ୍ତୁଷ୍ଟ।
Assamese,এইটো টকাৰ অপচয়।
Kannada,ಡಿಲಿವರಿ ಸಮಯಕ್ಕೆ ಬಂದಿದೆ.
Hindi,डिलीवरी समय पर हुई।
Gujarati,આ પૈસાની બરબાદી છે.
Hindi,यह पैसे की बर्बादी है।
Gujarati,આ પૈસાની બરબાદી છે.
Bengali,আমি খুব সন্তুষ্ট।
Kannada,ಡಿಲಿವರಿ ಸಮಯಕ್ಕೆ ಬಂದಿದೆ.
Telugu,డబ్బు వృథా.
Punjabi,ਮੈਂ ਇਸ ਨਾਲ ਬਹੁਤ ਖੁਸ਼ ਹਾਂ।
Malayalam,ദയവായി ഇത് വാങ്ങരുത്.
Marathi,कृपया हे खरेदी करू नका.
Hindi,डिलीवरी समय पर हुई।
Gujarati,આ પ્રોડક્ટ બહુ સારું છે.
Assamese,এই সামগ্ৰীটো অতি ভাল।
Tamil,இந்த தயாரிப்பு அருமையாக உள்ளது.
Bengali,ডেলিভারি সময়মতো হয়েছে।
Tamil,தயவு செய்து இதை வாங்காதீர்கள்.
Gujarati,કૃપા કરીને આ ન ખરીદો.
Tamil,நான் மிகவும் மகிழ்ச்சியாக இருக்கிறேன்.
Malayalam,ഡെലിവറി സമയത്ത് എത്തി.
Odia,ଡିଲିଭେରି ସମୟରେ ହେଲା।
Urdu,یہ پروڈکٹ بہت اچھا ہے۔
Bengali,এই পণ্যটি খুব ভালো।
Telugu,డబ్బు వృథా.
Hindi,डिलीवरी समय पर हुई।
Bengali,আমি খুব সন্তুষ্ট।
Urdu,یہ پروڈکٹ بہت اچھا ہے۔
Punjabi,ਇਹ ਉਤਪਾਦ ਬਹੁਤ ਵਧੀਆ ਹੈ।
Telugu,ఈ ఉత్పత్తి బాగుంది.
Punjabi,ਇਹ ਪੈਸਿਆਂ ਦੀ ਬਰਬਾਦੀ ਹੈ।
Marathi,मी खूप समाधानी आहे.
Punjabi,ਡਿਲੀਵਰੀ ਸਮੇਂ ਤੇ ਹੋਈ।
Odia,ଏହି ପଣ୍ୟଟି ଖୁବ ଭଲ ଅଛି।
Marathi,डिलिव्हरी वेळेवर झाली.
Hindi,यह उत्पाद बहुत अच्छा है।
Assamese,এইটো টকাৰ অপচয়।
Hindi,मैं इससे बहुत संतुष्ट हूँ।
Gujarati,કૃપા કરીને આ ન ખરીદો.
Assamese,অনুগ্ৰহ কৰি এইটো নলওক।
Telugu,ఈ ఉత్పత్తి బాగుంది.
Tamil,பணம் வீணாகும்.
Urdu,براہ کرم اسے نہ خریدیں۔
Tamil,இந்த தயாரிப்பு அருமையாக உள்ளது.
Assamese,ডেলিভাৰী সময়মতো হৈছিল।
Kannada,ಈ ಉತ್ಪನ್ನವು ಅತ್ಯುತ್ತಮವಾಗಿದೆ.
Bengali,দয়া করে এটি কিনবেন না।
Tamil,விநியோகம் நேரத்திற்கு வந்தது.
Assamese,অনুগ্ৰহ কৰি এইটো নলওক।
Marathi,डिलिव्हरी वेळेवर झाली.
Bengali,আমি খুব সন্তুষ্ট।
Telugu,ఈ ఉత్పత్తి బాగుంది.
Hindi,कृपया इसे न खरीदें।
Kannada,ದಯವಿಟ್ಟು ಇದನ್ನು ಖರೀದಿಸಬೇಡಿ.
Telugu,ఈ ఉత్పత్తి బాగుంది.
Tamil,விநியோகம் நேரத்திற்கு வந்தது.
Malayalam,ഡെലിവറി സമയത്ത് എത്തി.
Urdu,یہ پروڈکٹ بہت اچھا ہے۔
Marathi,हे पैशांची नासाडी आहे.
Tamil,பணம் வீணாகும்.
Telugu,దయచేసి దీన్ని కొనొద్దు.
Telugu,డెలివరీ సమయానికి వచ్చింది.
Marathi,हे पैशांची नासाडी आहे.
Kannada,ಡಿಲಿವರಿ ಸಮಯಕ್ಕೆ ಬಂದಿದೆ.
Malayalam,ദയവായി ഇത് വാങ്ങരുത്.
Odia,ମୁଁ ବହୁତ ସନ୍ତୁଷ୍ଟ।
Gujarati,કૃપા કરીને આ ન ખરીદો.
Marathi,हा उत्पादन खूप चांगला आहे.
Tamil,விநியோகம் நேரத்திற்கு வந்தது.
Assamese,এইটো টকাৰ অপচয়।
Malayalam,പണം നഷ്‌ടമാണ്.
Marathi,कृपया हे खरेदी करू नका.
Tamil,பணம் வீணாகும்.
Urdu,ڈیلیوری وقت پر ہوئی۔
Punjabi,ਕਿਰਪਾ ਕਰਕੇ ਇਹ ਨਾ ਖਰੀਦੋ।
Odia,ଦୟାକରି ଏହାକୁ କିଣନ୍ତୁ ନାହିଁ।
Odia,ଦୟାକରି ଏହାକୁ କିଣନ୍ତୁ ନାହିଁ।
Marathi,डिलिव्हरी वेळेवर झाली.
Marathi,डिलिव्हरी वेळेवर झाली.
Urdu,ڈیلیوری وقت پر ہوئی۔
Marathi,मी खूप समाधानी आहे.
Hindi,यह उत्पाद बहुत अच्छा है।
Marathi,कृपया हे खरेदी करू नका.
Telugu,డబ్బు వృథా.
Marathi,हा उत्पादन खूप चांगला आहे.
Gujarati,આ પ્રોડક્ટ બહુ સારું છે.
Punjabi,ਇਹ ਉਤਪਾਦ ਬਹੁਤ ਵਧੀਆ ਹੈ।
Gujarati,કૃપા કરીને આ ન ખરીદો.
Bengali,আমি খুব সন্তুষ্ট।
Kannada,ದಯವಿಟ್ಟು ಇದನ್ನು ಖರೀದಿಸಬೇಡಿ.
Tamil,விநியோகம் நேரத்திற்கு வந்தது.
Hindi,यह उत्पाद बहुत अच्छा है।
Malayalam,ഡെലിവറി സമയത്ത് എത്തി.
Kannada,ಹಣ ವ್ಯರ್ಥವಾಗಿದೆ.
Telugu,డబ్బు వృథా.
Assamese,অনুগ্ৰহ কৰি এইটো নলওক।
Urdu,یہ پروڈکٹ بہت اچھا ہے۔
Punjabi,ਡਿਲੀਵਰੀ ਸਮੇਂ ਤੇ ਹੋਈ।
Gujarati,કૃપા કરીને આ ન ખરીદો.
Telugu,డబ్బు వృథా.
Telugu,డెలివరీ సమయానికి వచ్చింది.
Kannada,ನಾನು ತುಂಬಾ ಸಂತೋಷಗೊಂಡಿದ್ದೇನೆ.
Marathi,कृपया हे खरेदी करू नका.
Tamil,தயவு செய்து இதை வாங்காதீர்கள்.
Hindi,यह उत्पाद बहुत अच्छा है।
Urdu,یہ پیسے کی بربادی ہے۔
Bengali,আমি খুব সন্তুষ্ট।
Punjabi,ਕਿਰਪਾ ਕਰਕੇ ਇਹ ਨਾ ਖਰੀਦੋ।
Odia,ଦୟାକରି ଏହାକୁ କିଣନ୍ତୁ ନାହିଁ।
Bengali,দয়া করে এটি কিনবেন না।
Urdu,یہ پیسے کی بربادی ہے۔
Marathi,हे पैशांची नासाडी आहे.
Marathi,हा उत्पादन खूप चांगला आहे.
Assamese,মই খুব সন্তুষ্ট।
Kannada,ಹಣ ವ್ಯರ್ಥವಾಗಿದೆ.
Bengali,এই পণ্যটি খুব ভালো।
Hindi,यह पैसे की बर्बादी है।
Telugu,నేను చాలా సంతృప్తిగా ఉన్నాను.
Tamil,நான் மிகவும் மகிழ்ச்சியாக இருக்கிறேன்.
Punjabi,ਡਿਲੀਵਰੀ ਸਮੇਂ ਤੇ ਹੋਈ।
Tamil,பணம் வீணாகும்.
Bengali,এটি টাকা নষ্ট।
Assamese,এইটো টকাৰ অপচয়।
Punjabi,ਇਹ ਪੈਸਿਆਂ ਦੀ ਬਰਬਾਦੀ ਹੈ।
Kannada,ಹಣ ವ್ಯರ್ಥವಾಗಿದೆ.
Hindi,कृपया इसे न खरीदें।
Kannada,ಹಣ ವ್ಯರ್ಥವಾಗಿದೆ.
Tamil,விநியோகம் நேரத்திற்கு வந்தது.
Kannada,ಈ ಉತ್ಪನ್ನವು ಅತ್ಯುತ್ತಮವಾಗಿದೆ.
Odia,ମୁଁ ବହୁତ ସନ୍ତୁଷ୍ଟ।
Urdu,یہ پروڈکٹ بہت اچھا ہے۔
Hindi,मैं इससे बहुत संतुष्ट हूँ।
Bengali,এই পণ্যটি খুব ভালো।
Punjabi,ਕਿਰਪਾ ਕਰਕੇ ਇਹ ਨਾ ਖਰੀਦੋ।
Tamil,விநியோகம் நேரத்திற்கு வந்தது.
Kannada,ಹಣ ವ್ಯರ್ಥವಾಗಿದೆ.
Marathi,हे पैशांची नासाडी आहे.
Hindi,यह उत्पाद बहुत अच्छा है।
Punjabi,ਇਹ ਉਤਪਾਦ ਬਹੁਤ ਵਧੀਆ ਹੈ।
Assamese,মই খুব সন্তুষ্ট।
Malayalam,ഞാൻ അതിൽ സന്തുഷ്ടനാണ്.
Telugu,డెలివరీ సమయానికి వచ్చింది.
Urdu,میں اس سے بہت مطمئن ہوں۔
Tamil,இந்த தயாரிப்பு அருமையாக உள்ளது.
Malayalam,ദയവായി ഇത് വാങ്ങരുത്.
Tamil,நான் மிகவும் மகிழ்ச்சியாக இருக்கிறேன்.
Kannada,ಈ ಉತ್ಪನ್ನವು ಅತ್ಯುತ್ತಮವಾಗಿದೆ.
Malayalam,പണം നഷ്‌ടമാണ്.
Bengali,এই পণ্যটি খুব ভালো।
Gujarati,કૃપા કરીને આ ન ખરીદો.
Assamese,অনুগ্ৰহ কৰি এইটো নলওক।
Marathi,डिलिव्हरी वेळेवर झाली.
Tamil,பணம் வீணாகும்.
Urdu,یہ پروڈکٹ بہت اچھا ہے۔
Urdu,میں اس سے بہت مطمئن ہوں۔
Kannada,ದಯವಿಟ್ಟು ಇದನ್ನು ಖರೀದಿಸಬೇಡಿ.
Malayalam,ഞാൻ അതിൽ സന്തുഷ്ടനാണ്.
Punjabi,ਡਿਲੀਵਰੀ ਸਮੇਂ ਤੇ ਹੋਈ।
Odia,ଡିଲିଭେରି ସମୟରେ ହେଲା।
Gujarati,ડિલિવરી સમય પર આવી.
Assamese,অনুগ্ৰহ কৰি এইটো নলওক।
Telugu,డబ్బు వృథా.
Gujarati,હું બહુ ખુશ છું.
Assamese,মই খুব সন্তুষ্ট।
Odia,ଡିଲିଭେରି ସମୟରେ ହେଲା।
Malayalam,ഡെലിവറി സമയത്ത് എത്തി.
Punjabi,ਇਹ ਉਤਪਾਦ ਬਹੁਤ ਵਧੀਆ ਹੈ।
Hindi,मैं इससे बहुत संतुष्ट हूँ।
Telugu,దయచేసి దీన్ని కొనొద్దు.
Punjabi,ਕਿਰਪਾ ਕਰਕੇ ਇਹ ਨਾ ਖਰੀਦੋ।
Tamil,தயவு செய்து இதை வாங்காதீர்கள்.
Kannada,ದಯವಿಟ್ಟು ಇದನ್ನು ಖರೀದಿಸಬೇಡಿ.
Assamese,অনুগ্ৰহ কৰি এইটো নলওক।
Bengali,দয়া করে এটি কিনবেন না।
Telugu,దయచేసి దీన్ని కొనొద్దు.
Tamil,இந்த தயாரிப்பு அருமையாக உள்ளது.
Odia,ଏହା ଟଙ୍କାର ବ୍ୟର୍ଥ।
Telugu,డబ్బు వృథా.
Assamese,এইটো টকাৰ অপচয়।
Assamese,ডেলিভাৰী সময়মতো হৈছিল।
Marathi,हा उत्पादन खूप चांगला आहे.
Tamil,தயவு செய்து இதை வாங்காதீர்கள்.
Tamil,இந்த தயாரிப்பு அருமையாக உள்ளது.
Punjabi,ਮੈਂ ਇਸ ਨਾਲ ਬਹੁਤ ਖੁਸ਼ ਹਾਂ।
Assamese,ডেলিভাৰী সময়মতো হৈছিল।
Telugu,దయచేసి దీన్ని కొనొద్దు.
Odia,ଏହି ପଣ୍ୟଟି ଖୁବ ଭଲ ଅଛି।
Odia,ଦୟାକରି ଏହାକୁ କିଣନ୍ତୁ ନାହିଁ।
Marathi,डिलिव्हरी वेळेवर झाली.
Gujarati,હું બહુ ખુશ છું.
Tamil,பணம் வீணாகும்.
Bengali,দয়া করে এটি কিনবেন না।
Marathi,हे पैशांची नासाडी आहे.
Tamil,தயவு செய்து இதை வாங்காதீர்கள்.
Marathi,हा उत्पादन खूप चांगला आहे.
Assamese,ডেলিভাৰী সময়মতো হৈছিল।
Malayalam,പണം നഷ്‌ടമാണ്.
Malayalam,ദയവായി ഇത് വാങ്ങരുത്.
Urdu,میں اس سے بہت مطمئن ہوں۔
Bengali,দয়া করে এটি কিনবেন না।
Punjabi,ਡਿਲੀਵਰੀ ਸਮੇਂ ਤੇ ਹੋਈ।
Gujarati,કૃપા કરીને આ ન ખરીદો.
Tamil,நான் மிகவும் மகிழ்ச்சியாக இருக்கிறேன்.
Punjabi,ਇਹ ਪੈਸਿਆਂ ਦੀ ਬਰਬਾਦੀ ਹੈ।
Telugu,డబ్బు వృథా.
Bengali,দয়া করে এটি কিনবেন না।
Bengali,ডেলিভারি সময়মতো হয়েছে।
Tamil,விநியோகம் நேரத்திற்கு வந்தது.
Hindi,यह पैसे की बर्बादी है।
Urdu,براہ کرم اسے نہ خریدیں۔
Tamil,விநியோகம் நேரத்திற்கு வந்தது.
Punjabi,ਡਿਲੀਵਰੀ ਸਮੇਂ ਤੇ ਹੋਈ।
Kannada,ಹಣ ವ್ಯರ್ಥವಾಗಿದೆ.
Telugu,నేను చాలా సంతృప్తిగా ఉన్నాను.
Kannada,ಹಣ ವ್ಯರ್ಥವಾಗಿದೆ.
Malayalam,ഈ ഉത്പന്നം വളരെ നന്നായിരിക്കുന്നു.
Bengali,ডেলিভারি সময়মতো হয়েছে।
Kannada,ಈ ಉತ್ಪನ್ನವು ಅತ್ಯುತ್ತಮವಾಗಿದೆ.
Hindi,मैं इससे बहुत संतुष्ट हूँ।
Tamil,பணம் வீணாகும்.
Kannada,ನಾನು ತುಂಬಾ ಸಂತೋಷಗೊಂಡಿದ್ದೇನೆ.
Punjabi,ਇਹ ਪੈਸਿਆਂ ਦੀ ਬਰਬਾਦੀ ਹੈ।
Punjabi,ਡਿਲੀਵਰੀ ਸਮੇਂ ਤੇ ਹੋਈ।
Tamil,நான் மிகவும் மகிழ்ச்சியாக இருக்கிறேன்.
Marathi,कृपया हे खरेदी करू नका.
Odia,ଦୟାକରି ଏହାକୁ କିଣନ୍ତୁ ନାହିଁ।
Urdu,میں اس سے بہت مطمئن ہوں۔
Hindi,मैं इससे बहुत संतुष्ट हूँ।
Marathi,हा उत्पादन खूप चांगला आहे.
Tamil,தயவு செய்து இதை வாங்காதீர்கள்.
Marathi,मी खूप समाधानी आहे.
Kannada,ನಾನು ತುಂಬಾ ಸಂತೋಷಗೊಂಡಿದ್ದೇನೆ.
Tamil,தயவு செய்து இதை வாங்காதீர்கள்.
Tamil,பணம் வீணாகும்.
Kannada,ಈ ಉತ್ಪನ್ನವು ಅತ್ಯುತ್ತಮವಾಗಿದೆ.
Gujarati,ડિલિવરી સમય પર આવી.
Malayalam,പണം നഷ്‌ടമാണ്.
Bengali,এটি টাকা নষ্ট।
Telugu,డబ్బు వృథా.
Gujarati,ડિલિવરી સમય પર આવી.
Assamese,এই সামগ্ৰীটো অতি ভাল।
Malayalam,ഈ ഉത്പന്നം വളരെ നന്നായിരിക്കുന്നു.
Marathi,हे पैशांची नासाडी आहे.
Malayalam,ഞാൻ അതിൽ സന്തുഷ്ടനാണ്.
Gujarati,હું બહુ ખુશ છું.
Gujarati,આ પ્રોડક્ટ બહુ સારું છે.
Kannada,ಡಿಲಿವರಿ ಸಮಯಕ್ಕೆ ಬಂದಿದೆ.
Marathi,कृपया हे खरेदी करू नका.
Assamese,অনুগ্ৰহ কৰি এইটো নলওক।
Hindi,कृपया इसे न खरीदें।
Gujarati,આ પૈસાની બરબાદી છે.
Punjabi,ਮੈਂ ਇਸ ਨਾਲ ਬਹੁਤ ਖੁਸ਼ ਹਾਂ।
Urdu,میں اس سے بہت مطمئن ہوں۔
Bengali,আমি খুব সন্তুষ্ট।
Assamese,এইটো টকাৰ অপচয়।
Odia,ଏହି ପଣ୍ୟଟି ଖୁବ ଭଲ ଅଛି।
Punjabi,ਡਿਲੀਵਰੀ ਸਮੇਂ ਤੇ ਹੋਈ।
Tamil,விநியோகம் நேரத்திற்கு வந்தது.
Urdu,میں اس سے بہت مطمئن ہوں۔
Punjabi,ਮੈਂ ਇਸ ਨਾਲ ਬਹੁਤ ਖੁਸ਼ ਹਾਂ।
Punjabi,ਡਿਲੀਵਰੀ ਸਮੇਂ ਤੇ ਹੋਈ।
Bengali,এটি টাকা নষ্ট।
Marathi,हे पैशांची नासाडी आहे.
Marathi,हा उत्पादन खूप चांगला आहे.
Kannada,ದಯವಿಟ್ಟು ಇದನ್ನು ಖರೀದಿಸಬೇಡಿ.
Bengali,আমি খুব সন্তুষ্ট।
Hindi,यह उत्पाद बहुत अच्छा है।
Assamese,মই খুব সন্তুষ্ট।
Tamil,இந்த தயாரிப்பு அருமையாக உள்ளது.
Urdu,میں اس سے بہت مطمئن ہوں۔
Gujarati,આ પૈસાની બરબાદી છે.
Gujarati,હું બહુ ખુશ છું.
Tamil,தயவு செய்து இதை வாங்காதீர்கள்.
Kannada,ದಯವಿಟ್ಟು ಇದನ್ನು ಖರೀದಿಸಬೇಡಿ.
Tamil,இந்த தயாரிப்பு அருமையாக உள்ளது.
Odia,ଦୟାକରି ଏହାକୁ କିଣନ୍ତୁ ନାହିଁ।
Marathi,कृपया हे खरेदी करू नका.
Assamese,এইটো টকাৰ অপচয়।
Kannada,ಈ ಉತ್ಪನ್ನವು ಅತ್ಯುತ್ತಮವಾಗಿದೆ.
Kannada,ಡಿಲಿವರಿ ಸಮಯಕ್ಕೆ ಬಂದಿದೆ.
Malayalam,ദയവായി ഇത് വാങ്ങരുത്.
Kannada,ನಾನು ತುಂಬಾ ಸಂತೋಷಗೊಂಡಿದ್ದೇನೆ.
Hindi,कृपया इसे न खरीदें।
Odia,ମୁଁ ବହୁତ ସନ୍ତୁଷ୍ଟ।
Punjabi,ਇਹ ਪੈਸਿਆਂ ਦੀ ਬਰਬਾਦੀ ਹੈ।
Malayalam,പണം നഷ്‌ടമാണ്.
Telugu,ఈ ఉత్పత్తి బాగుంది.
Assamese,এইটো টকাৰ অপচয়।
Marathi,हे पैशांची नासाडी आहे.
Punjabi,ਇਹ ਪੈਸਿਆਂ ਦੀ ਬਰਬਾਦੀ ਹੈ।
Hindi,कृपया इसे न खरीदें।
Hindi,यह पैसे की बर्बादी है।
Bengali,দয়া করে এটি কিনবেন না।
Gujarati,ડિલિવરી સમય પર આવી.
Odia,ଡିଲିଭେରି ସମୟରେ ହେଲା।
Telugu,డబ్బు వృథా.
Assamese,এইটো টকাৰ অপচয়।
Malayalam,ഞാൻ അതിൽ സന്തുഷ്ടനാണ്.
Kannada,ನಾನು ತುಂಬಾ ಸಂತೋಷಗೊಂಡಿದ್ದೇನೆ.
Assamese,এই সামগ্ৰীটো অতি ভাল।
Marathi,हा उत्पादन खूप चांगला आहे.
Punjabi,ਮੈਂ ਇਸ ਨਾਲ ਬਹੁਤ ਖੁਸ਼ ਹਾਂ।
Marathi,हे पैशांची नासाडी आहे.
Punjabi,ਡਿਲੀਵਰੀ ਸਮੇਂ ਤੇ ਹੋਈ।
Malayalam,ഈ ഉത്പന്നം വളരെ നന്നായിരിക്കുന്നു.
Telugu,ఈ ఉత్పత్తి బాగుంది.
Malayalam,ഞാൻ അതിൽ സന്തുഷ്ടനാണ്.
Hindi,कृपया इसे न खरीदें।
Hindi,मैं इससे बहुत संतुष्ट हूँ।
Marathi,हे पैशांची नासाडी आहे.
Urdu,براہ کرم اسے نہ خریدیں۔
Gujarati,કૃપા કરીને આ ન ખરીદો.
Gujarati,હું બહુ ખુશ છું.
Bengali,আমি খুব সন্তুষ্ট।
Bengali,আমি খুব সন্তুষ্ট।
Tamil,நான் மிகவும் மகிழ்ச்சியாக இருக்கிறேன்.
Punjabi,ਇਹ ਉਤਪਾਦ ਬਹੁਤ ਵਧੀਆ ਹੈ।
Urdu,یہ پروڈکٹ بہت اچھا ہے۔
Assamese,মই খুব সন্তুষ্ট।
Kannada,ದಯವಿಟ್ಟು ಇದನ್ನು ಖರೀದಿಸಬೇಡಿ.
Bengali,ডেলিভারি সময়মতো হয়েছে।
Kannada,ಹಣ ವ್ಯರ್ಥವಾಗಿದೆ.
Urdu,یہ پروڈکٹ بہت اچھا ہے۔
Gujarati,આ પ્રોડક્ટ બહુ સારું છે.
Tamil,விநியோகம் நேரத்திற்கு வந்தது.
Odia,ଏହି ପଣ୍ୟଟି ଖୁବ ଭଲ ଅଛି।
Assamese,ডেলিভাৰী সময়মতো হৈছিল।
Bengali,এটি টাকা নষ্ট।
Urdu,یہ پروڈکٹ بہت اچھا ہے۔
Malayalam,ദയവായി ഇത് വാങ്ങരുത്.
Telugu,డబ్బు వృథా.
Gujarati,ડિલિવરી સમય પર આવી.
Urdu,یہ پروڈکٹ بہت اچھا ہے۔
Punjabi,ਇਹ ਪੈਸਿਆਂ ਦੀ ਬਰਬਾਦੀ ਹੈ।
Marathi,कृपया हे खरेदी करू नका.
Hindi,मैं इससे बहुत संतुष्ट हूँ।
Punjabi,ਕਿਰਪਾ ਕਰਕੇ ਇਹ ਨਾ ਖਰੀਦੋ।
Telugu,దయచేసి దీన్ని కొనొద్దు.
Kannada,ಹಣ ವ್ಯರ್ಥವಾಗಿದೆ.
Malayalam,ഈ ഉത്പന്നം വളരെ നന്നായിരിക്കുന്നു.
Kannada,ದಯವಿಟ್ಟು ಇದನ್ನು ಖರೀದಿಸಬೇಡಿ.
Kannada,ಹಣ ವ್ಯರ್ಥವಾಗಿದೆ.
Punjabi,ਡਿਲੀਵਰੀ ਸਮੇਂ ਤੇ ਹੋਈ।
Bengali,আমি খুব সন্তুষ্ট।
Hindi,यह पैसे की बर्बादी है।
Urdu,یہ پیسے کی بربادی ہے۔
Tamil,நான் மிகவும் மகிழ்ச்சியாக இருக்கிறேன்.
Gujarati,આ પ્રોડક્ટ બહુ સારું છે.
Marathi,हे पैशांची नासाडी आहे.
Punjabi,ਕਿਰਪਾ ਕਰਕੇ ਇਹ ਨਾ ਖਰੀਦੋ।
Malayalam,പണം നഷ്‌ടമാണ്.
Kannada,ಡಿಲಿವರಿ ಸಮಯಕ್ಕೆ ಬಂದಿದೆ.
Tamil,விநியோகம் நேரத்திற்கு வந்தது.
Gujarati,આ પૈસાની બરબાદી છે.
Assamese,এই সামগ্ৰীটো অতি ভাল।
Gujarati,આ પ્રોડક્ટ બહુ સારું છે.
Malayalam,പണം നഷ്‌ടമാണ്.
Assamese,এইটো টকাৰ অপচয়।
Punjabi,ਕਿਰਪਾ ਕਰਕੇ ਇਹ ਨਾ ਖਰੀਦੋ।
Kannada,ನಾನು ತುಂಬಾ ಸಂತೋಷಗೊಂಡಿದ್ದೇನೆ.
Assamese,অনুগ্ৰহ কৰি এইটো নলওক।
Urdu,براہ کرم اسے نہ خریدیں۔
Assamese,অনুগ্ৰহ কৰি এইটো নলওক।
Hindi,मैं इससे बहुत संतुष्ट हूँ।
Assamese,এইটো টকাৰ অপচয়।
Marathi,कृपया हे खरेदी करू नका.
Hindi,यह पैसे की बर्बादी है।
Tamil,விநியோகம் நேரத்திற்கு வந்தது.
Telugu,డెలివరీ సమయానికి వచ్చింది.
Punjabi,ਮੈਂ ਇਸ ਨਾਲ ਬਹੁਤ ਖੁਸ਼ ਹਾਂ।
Odia,ଡିଲିଭେରି ସମୟରେ ହେଲା।
Tamil,பணம் வீணாகும்.
Bengali,আমি খুব সন্তুষ্ট।
Malayalam,ഡെലിവറി സമയത്ത് എത്തി.
Punjabi,ਡਿਲੀਵਰੀ ਸਮੇਂ ਤੇ ਹੋਈ।
Marathi,कृपया हे खरेदी करू नका.
Kannada,ಈ ಉತ್ಪನ್ನವು ಅತ್ಯುತ್ತಮವಾಗಿದೆ.
Telugu,డబ్బు వృథా.
Bengali,এই পণ্যটি খুব ভালো।
Punjabi,ਕਿਰਪਾ ਕਰਕੇ ਇਹ ਨਾ ਖਰੀਦੋ।
Punjabi,ਇਹ ਉਤਪਾਦ ਬਹੁਤ ਵਧੀਆ ਹੈ।
Bengali,এটি টাকা নষ্ট।
Urdu,براہ کرم اسے نہ خریدیں۔
Hindi,कृपया इसे न खरीदें।
Tamil,விநியோகம் நேரத்திற்கு வந்தது.
Urdu,ڈیلیوری وقت پر ہوئی۔
Malayalam,പണം നഷ്‌ടമാണ്.
Malayalam,ഡെലിവറി സമയത്ത് എത്തി.
Bengali,আমি খুব সন্তুষ্ট।
Marathi,हा उत्पादन खूप चांगला आहे.
Hindi,यह उत्पाद बहुत अच्छा है।
Malayalam,ഞാൻ അതിൽ സന്തുഷ്ടനാണ്.
Telugu,దయచేసి దీన్ని కొనొద్దు.
Urdu,یہ پروڈکٹ بہت اچھا ہے۔
Punjabi,ਇਹ ਪੈਸਿਆਂ ਦੀ ਬਰਬਾਦੀ ਹੈ।
Odia,ଏହି ପଣ୍ୟଟି ଖୁବ ଭଲ ଅଛି।
Kannada,ನಾನು ತುಂಬಾ ಸಂತೋಷಗೊಂಡಿದ್ದೇನೆ.
Urdu,براہ کرم اسے نہ خریدیں۔
Telugu,డెలివరీ సమయానికి వచ్చింది.
Malayalam,ഡെലിവറി സമയത്ത് എത്തി.
Urdu,یہ پیسے کی بربادی ہے۔
Gujarati,હું બહુ ખુશ છું.
Hindi,डिलीवरी समय पर हुई।
Telugu,ఈ ఉత్పత్తి బాగుంది.
Malayalam,ദയവായി ഇത് വാങ്ങരുത്.
Assamese,অনুগ্ৰহ কৰি এইটো নলওক।
Marathi,हा उत्पादन खूप चांगला आहे.
Gujarati,આ પ્રોડક્ટ બહુ સારું છે.
Malayalam,ഞാൻ അതിൽ സന്തുഷ്ടനാണ്.
Telugu,ఈ ఉత్పత్తి బాగుంది.
Odia,ଏହା ଟଙ୍କାର ବ୍ୟର୍ଥ।
Gujarati,આ પૈસાની બરબાદી છે.
Gujarati,કૃપા કરીને આ ન ખરીદો.
Gujarati,આ પ્રોડક્ટ બહુ સારું છે.
Punjabi,ਇਹ ਪੈਸਿਆਂ ਦੀ ਬਰਬਾਦੀ ਹੈ।
Bengali,এই পণ্যটি খুব ভালো।
Hindi,डिलीवरी समय पर हुई।
Punjabi,ਡਿਲੀਵਰੀ ਸਮੇਂ ਤੇ ਹੋਈ।
Hindi,मैं इससे बहुत संतुष्ट हूँ।
Urdu,یہ پروڈکٹ بہت اچھا ہے۔
Marathi,कृपया हे खरेदी करू नका.
Gujarati,કૃપા કરીને આ ન ખરીદો.
Kannada,ಡಿಲಿವರಿ ಸಮಯಕ್ಕೆ ಬಂದಿದೆ.
Kannada,ಈ ಉತ್ಪನ್ನವು ಅತ್ಯುತ್ತಮವಾಗಿದೆ.
Odia,ଡିଲିଭେରି ସମୟରେ ହେଲା।
Punjabi,ਇਹ ਉਤਪਾਦ ਬਹੁਤ ਵਧੀਆ ਹੈ।
Hindi,कृपया इसे न खरीदें।
Bengali,এই পণ্যটি খুব ভালো।
Gujarati,આ પ્રોડક્ટ બહુ સારું છે.
Telugu,డెలివరీ సమయానికి వచ్చింది.
Gujarati,ડિલિવરી સમય પર આવી.
Gujarati,ડિલિવરી સમય પર આવી.
Bengali,আমি খুব সন্তুষ্ট।
Marathi,डिलिव्हरी वेळेवर झाली.
Telugu,నేను చాలా సంతృప్తిగా ఉన్నాను.
Assamese,অনুগ্ৰহ কৰি এইটো নলওক।
Telugu,డబ్బు వృథా.
Odia,ମୁଁ ବହୁତ ସନ୍ତୁଷ୍ଟ।
Malayalam,പണം നഷ്‌ടമാണ്.
Odia,ମୁଁ ବହୁତ ସନ୍ତୁଷ୍ଟ।
Hindi,डिलीवरी समय पर हुई।
Tamil,பணம் வீணாகும்.
Bengali,দয়া করে এটি কিনবেন না।
Odia,ମୁଁ ବହୁତ ସନ୍ତୁଷ୍ଟ।
Malayalam,ഈ ഉത്പന്നം വളരെ നന്നായിരിക്കുന്നു.
Odia,ଏହା ଟଙ୍କାର ବ୍ୟର୍ଥ।
Malayalam,ഈ ഉത്പന്നം വളരെ നന്നായിരിക്കുന്നു.
Malayalam,ഞാൻ അതിൽ സന്തുഷ്ടനാണ്.
Hindi,यह उत्पाद बहुत अच्छा है।
Assamese,এই সামগ্ৰীটো অতি ভাল।
Tamil,பணம் வீணாகும்.
Assamese,এই সামগ্ৰীটো অতি ভাল।
Assamese,এই সামগ্ৰীটো অতি ভাল।
Marathi,डिलिव्हरी वेळेवर झाली.
Gujarati,આ પ્રોડક્ટ બહુ સારું છે.
Assamese,ডেলিভাৰী সময়মতো হৈছিল।
Kannada,ನಾನು ತುಂಬಾ ಸಂತೋಷಗೊಂಡಿದ್ದೇನೆ.
Malayalam,ഞാൻ അതിൽ സന്തുഷ്ടനാണ്.
Tamil,விநியோகம் நேரத்திற்கு வந்தது.
Marathi,हे पैशांची नासाडी आहे.
Kannada,ಡಿಲಿವರಿ ಸಮಯಕ್ಕೆ ಬಂದಿದೆ.
Malayalam,പണം നഷ്‌ടമാണ്.
Kannada,ನಾನು ತುಂಬಾ ಸಂತೋಷಗೊಂಡಿದ್ದೇನೆ.
Assamese,এই সামগ্ৰীটো অতি ভাল।
Odia,ଏହି ପଣ୍ୟଟି ଖୁବ ଭଲ ଅଛି।
Kannada,ಡಿಲಿವರಿ ಸಮಯಕ್ಕೆ ಬಂದಿದೆ.
Kannada,ದಯವಿಟ್ಟು ಇದನ್ನು ಖರೀದಿಸಬೇಡಿ.
Kannada,ಹಣ ವ್ಯರ್ಥವಾಗಿದೆ.
Punjabi,ਡਿਲੀਵਰੀ ਸਮੇਂ ਤੇ ਹੋਈ।
Bengali,এটি টাকা নষ্ট।
Tamil,பணம் வீணாகும்.
Malayalam,ഞാൻ അതിൽ സന്തുഷ്ടനാണ്.
Assamese,মই খুব সন্তুষ্ট।
Marathi,कृपया हे खरेदी करू नका.
Telugu,దయచేసి దీన్ని కొనొద్దు.
Telugu,దయచేసి దీన్ని కొనొద్దు.
Odia,ଦୟାକରି ଏହାକୁ କିଣନ୍ତୁ ନାହିଁ।
Kannada,ಹಣ ವ್ಯರ್ಥವಾಗಿದೆ.
Bengali,আমি খুব সন্তুষ্ট।
Assamese,অনুগ্ৰহ কৰি এইটো নলওক।
Marathi,डिलिव्हरी वेळेवर झाली.
